{
  "create character" : {
    "transaction" : "create character",
    "sampleCount" : 2000,
    "errorCount" : 0,
    "errorPct" : 0.0,
    "meanResTime" : 483.4949999999994,
    "medianResTime" : 398.0,
    "minResTime" : 0.0,
    "maxResTime" : 2216.0,
    "pct1ResTime" : 1055.0,
    "pct2ResTime" : 1363.8999999999996,
    "pct3ResTime" : 1801.0,
    "throughput" : 191.05846388995033,
    "receivedKBytesPerSec" : 43.84642481849446,
    "sentKBytesPerSec" : 43.286683225066874
  },
  "delete character" : {
    "transaction" : "delete character",
    "sampleCount" : 2000,
    "errorCount" : 0,
    "errorPct" : 0.0,
    "meanResTime" : 289.40499999999986,
    "medianResTime" : 221.5,
    "minResTime" : 0.0,
    "maxResTime" : 2135.0,
    "pct1ResTime" : 692.9000000000001,
    "pct2ResTime" : 993.1999999999971,
    "pct3ResTime" : 1242.97,
    "throughput" : 308.6896125945362,
    "receivedKBytesPerSec" : 75.06222025003858,
    "sentKBytesPerSec" : 58.78366646087359
  },
  "Total" : {
    "transaction" : "Total",
    "sampleCount" : 10000,
    "errorCount" : 0,
    "errorPct" : 0.0,
    "meanResTime" : 540.4129,
    "medianResTime" : 343.0,
    "minResTime" : 0.0,
    "maxResTime" : 3579.0,
    "pct1ResTime" : 1326.8999999999996,
    "pct2ResTime" : 1968.8999999999978,
    "pct3ResTime" : 2731.0,
    "throughput" : 739.0983000739099,
    "receivedKBytesPerSec" : 285.5657133453437,
    "sentKBytesPerSec" : 132.66237065779748
  },
  "character by id" : {
    "transaction" : "character by id",
    "sampleCount" : 2000,
    "errorCount" : 0,
    "errorPct" : 0.0,
    "meanResTime" : 955.3164999999995,
    "medianResTime" : 629.5,
    "minResTime" : 0.0,
    "maxResTime" : 3579.0,
    "pct1ResTime" : 2233.0,
    "pct2ResTime" : 2731.0,
    "pct3ResTime" : 3508.9,
    "throughput" : 166.9449081803005,
    "receivedKBytesPerSec" : 43.36654841402337,
    "sentKBytesPerSec" : 21.19417779632721
  },
  "change character" : {
    "transaction" : "change character",
    "sampleCount" : 2000,
    "errorCount" : 0,
    "errorPct" : 0.0,
    "meanResTime" : 384.84649999999937,
    "medianResTime" : 303.5,
    "minResTime" : 0.0,
    "maxResTime" : 1893.0,
    "pct1ResTime" : 950.7000000000003,
    "pct2ResTime" : 1168.9499999999998,
    "pct3ResTime" : 1394.98,
    "throughput" : 264.44532592886424,
    "receivedKBytesPerSec" : 60.688136321565516,
    "sentKBytesPerSec" : 60.1716415443607
  },
  "get characters" : {
    "transaction" : "get characters",
    "sampleCount" : 2000,
    "errorCount" : 0,
    "errorPct" : 0.0,
    "meanResTime" : 589.001500000001,
    "medianResTime" : 391.0,
    "minResTime" : 1.0,
    "maxResTime" : 3223.0,
    "pct1ResTime" : 1326.0,
    "pct2ResTime" : 1398.0,
    "pct3ResTime" : 1866.99,
    "throughput" : 149.72301242701002,
    "receivedKBytesPerSec" : 145.2220374728627,
    "sentKBytesPerSec" : 18.861590432699504
  }
}