{
  "create character" : {
    "transaction" : "create character",
    "sampleCount" : 100,
    "errorCount" : 0,
    "errorPct" : 0.0,
    "meanResTime" : 30.529999999999987,
    "medianResTime" : 12.0,
    "minResTime" : 1.0,
    "maxResTime" : 121.0,
    "pct1ResTime" : 88.0,
    "pct2ResTime" : 100.84999999999997,
    "pct3ResTime" : 120.93999999999997,
    "throughput" : 301.20481927710847,
    "receivedKBytesPerSec" : 69.12415286144578,
    "sentKBytesPerSec" : 68.24171686746988
  },
  "delete character" : {
    "transaction" : "delete character",
    "sampleCount" : 100,
    "errorCount" : 0,
    "errorPct" : 0.0,
    "meanResTime" : 10.269999999999996,
    "medianResTime" : 6.5,
    "minResTime" : 1.0,
    "maxResTime" : 55.0,
    "pct1ResTime" : 26.0,
    "pct2ResTime" : 30.849999999999966,
    "pct3ResTime" : 54.91999999999996,
    "throughput" : 371.74721189591077,
    "receivedKBytesPerSec" : 90.395562267658,
    "sentKBytesPerSec" : 70.79170539033457
  },
  "Total" : {
    "transaction" : "Total",
    "sampleCount" : 500,
    "errorCount" : 0,
    "errorPct" : 0.0,
    "meanResTime" : 30.95800000000002,
    "medianResTime" : 9.0,
    "minResTime" : 1.0,
    "maxResTime" : 131.0,
    "pct1ResTime" : 120.4000000000002,
    "pct2ResTime" : 130.0,
    "pct3ResTime" : 130.0,
    "throughput" : 943.3962264150944,
    "receivedKBytesPerSec" : 242.56154186320754,
    "sentKBytesPerSec" : 169.33225235849056
  },
  "character by id" : {
    "transaction" : "character by id",
    "sampleCount" : 100,
    "errorCount" : 0,
    "errorPct" : 0.0,
    "meanResTime" : 25.259999999999994,
    "medianResTime" : 7.0,
    "minResTime" : 1.0,
    "maxResTime" : 109.0,
    "pct1ResTime" : 81.80000000000001,
    "pct2ResTime" : 90.74999999999994,
    "pct3ResTime" : 108.91999999999996,
    "throughput" : 296.7359050445104,
    "receivedKBytesPerSec" : 77.08178783382789,
    "sentKBytesPerSec" : 37.671550445103854
  },
  "change character" : {
    "transaction" : "change character",
    "sampleCount" : 100,
    "errorCount" : 0,
    "errorPct" : 0.0,
    "meanResTime" : 10.709999999999999,
    "medianResTime" : 5.0,
    "minResTime" : 1.0,
    "maxResTime" : 96.0,
    "pct1ResTime" : 27.0,
    "pct2ResTime" : 40.849999999999966,
    "pct3ResTime" : 95.67999999999984,
    "throughput" : 343.64261168384877,
    "receivedKBytesPerSec" : 78.86329467353953,
    "sentKBytesPerSec" : 78.19211769759451
  },
  "get characters" : {
    "transaction" : "get characters",
    "sampleCount" : 100,
    "errorCount" : 0,
    "errorPct" : 0.0,
    "meanResTime" : 78.02000000000002,
    "medianResTime" : 103.0,
    "minResTime" : 1.0,
    "maxResTime" : 131.0,
    "pct1ResTime" : 130.0,
    "pct2ResTime" : 130.0,
    "pct3ResTime" : 131.0,
    "throughput" : 198.4126984126984,
    "receivedKBytesPerSec" : 64.21867249503968,
    "sentKBytesPerSec" : 24.995349702380953
  }
}