{
  "create character" : {
    "transaction" : "create character",
    "sampleCount" : 11945,
    "errorCount" : 3,
    "errorPct" : 0.025115112,
    "meanResTime" : 95.93051485977409,
    "medianResTime" : 2.0,
    "minResTime" : 0.0,
    "maxResTime" : 2598.0,
    "pct1ResTime" : 345.0,
    "pct2ResTime" : 668.0,
    "pct3ResTime" : 1189.0,
    "throughput" : 390.81926449417614,
    "receivedKBytesPerSec" : 89.68996792590957,
    "sentKBytesPerSec" : 88.54498961196178
  },
  "delete character" : {
    "transaction" : "delete character",
    "sampleCount" : 11944,
    "errorCount" : 11,
    "errorPct" : 0.09209645,
    "meanResTime" : 56.940472203616906,
    "medianResTime" : 2.0,
    "minResTime" : 0.0,
    "maxResTime" : 3884.0,
    "pct1ResTime" : 157.0,
    "pct2ResTime" : 341.75,
    "pct3ResTime" : 858.5499999999993,
    "throughput" : 396.42868996647746,
    "receivedKBytesPerSec" : 96.39721074380165,
    "sentKBytesPerSec" : 75.49179154635068
  },
  "Total" : {
    "transaction" : "Total",
    "sampleCount" : 60723,
    "errorCount" : 1805,
    "errorPct" : 2.9725146,
    "meanResTime" : 457.9221382342725,
    "medianResTime" : 2.0,
    "minResTime" : 0.0,
    "maxResTime" : 60031.0,
    "pct1ResTime" : 1014.0,
    "pct2ResTime" : 1038.0,
    "pct3ResTime" : 15976.0,
    "throughput" : 810.8508706334794,
    "receivedKBytesPerSec" : 3472.3792086807966,
    "sentKBytesPerSec" : 144.21370548769494
  },
  "character by id" : {
    "transaction" : "character by id",
    "sampleCount" : 11947,
    "errorCount" : 51,
    "errorPct" : 0.4268854,
    "meanResTime" : 140.79325353645194,
    "medianResTime" : 3.0,
    "minResTime" : 0.0,
    "maxResTime" : 3621.0,
    "pct1ResTime" : 681.0,
    "pct2ResTime" : 1043.0,
    "pct3ResTime" : 1250.5200000000004,
    "throughput" : 384.87806449534486,
    "receivedKBytesPerSec" : 99.97809097242357,
    "sentKBytesPerSec" : 48.861473031635576
  },
  "change character" : {
    "transaction" : "change character",
    "sampleCount" : 11944,
    "errorCount" : 6,
    "errorPct" : 0.050234426,
    "meanResTime" : 60.194490957803275,
    "medianResTime" : 2.0,
    "minResTime" : 0.0,
    "maxResTime" : 3882.0,
    "pct1ResTime" : 205.5,
    "pct2ResTime" : 396.75,
    "pct3ResTime" : 871.5499999999993,
    "throughput" : 391.9921234000656,
    "receivedKBytesPerSec" : 89.959129881851,
    "sentKBytesPerSec" : 89.19352026583525
  },
  "get characters" : {
    "transaction" : "get characters",
    "sampleCount" : 12943,
    "errorCount" : 1734,
    "errorPct" : 13.397203,
    "meanResTime" : 1821.7877617244817,
    "medianResTime" : 1012.0,
    "minResTime" : 4.0,
    "maxResTime" : 60031.0,
    "pct1ResTime" : 2016.0,
    "pct2ResTime" : 4032.7999999999993,
    "pct3ResTime" : 31004.559999999998,
    "throughput" : 172.83142826621088,
    "receivedKBytesPerSec" : 3318.948614305696,
    "sentKBytesPerSec" : 21.160388576106985
  }
}