{
  "create character" : {
    "transaction" : "create character",
    "sampleCount" : 11480,
    "errorCount" : 0,
    "errorPct" : 0.0,
    "meanResTime" : 209.6429442508707,
    "medianResTime" : 196.0,
    "minResTime" : 0.0,
    "maxResTime" : 3605.0,
    "pct1ResTime" : 433.0,
    "pct2ResTime" : 657.0,
    "pct3ResTime" : 1468.380000000001,
    "throughput" : 444.0662231161999,
    "receivedKBytesPerSec" : 101.90972893779978,
    "sentKBytesPerSec" : 100.60875367476405
  },
  "delete character" : {
    "transaction" : "delete character",
    "sampleCount" : 11480,
    "errorCount" : 0,
    "errorPct" : 0.0,
    "meanResTime" : 199.39599303135878,
    "medianResTime" : 145.0,
    "minResTime" : 0.0,
    "maxResTime" : 3607.0,
    "pct1ResTime" : 288.0,
    "pct2ResTime" : 652.0,
    "pct3ResTime" : 1770.380000000001,
    "throughput" : 455.9173947577442,
    "receivedKBytesPerSec" : 110.8627258737093,
    "sentKBytesPerSec" : 86.82020700953137
  },
  "Total" : {
    "transaction" : "Total",
    "sampleCount" : 57400,
    "errorCount" : 0,
    "errorPct" : 0.0,
    "meanResTime" : 337.7796864111538,
    "medianResTime" : 235.0,
    "minResTime" : 0.0,
    "maxResTime" : 12008.0,
    "pct1ResTime" : 250.0,
    "pct2ResTime" : 260.0,
    "pct3ResTime" : 7940.960000000006,
    "throughput" : 2142.43057629143,
    "receivedKBytesPerSec" : 838.415173780886,
    "sentKBytesPerSec" : 384.54955070543446
  },
  "character by id" : {
    "transaction" : "character by id",
    "sampleCount" : 11480,
    "errorCount" : 0,
    "errorPct" : 0.0,
    "meanResTime" : 214.93440766550606,
    "medianResTime" : 101.0,
    "minResTime" : 0.0,
    "maxResTime" : 2095.0,
    "pct1ResTime" : 311.0,
    "pct2ResTime" : 997.7999999999956,
    "pct3ResTime" : 1840.0,
    "throughput" : 441.58941416317265,
    "receivedKBytesPerSec" : 114.70975016348041,
    "sentKBytesPerSec" : 56.061156094934034
  },
  "change character" : {
    "transaction" : "change character",
    "sampleCount" : 11480,
    "errorCount" : 0,
    "errorPct" : 0.0,
    "meanResTime" : 194.9005226480841,
    "medianResTime" : 163.0,
    "minResTime" : 0.0,
    "maxResTime" : 3621.0,
    "pct1ResTime" : 304.89999999999964,
    "pct2ResTime" : 620.0,
    "pct3ResTime" : 1732.760000000002,
    "throughput" : 447.37149760336695,
    "receivedKBytesPerSec" : 102.66826361014769,
    "sentKBytesPerSec" : 101.79449115389112
  },
  "get characters" : {
    "transaction" : "get characters",
    "sampleCount" : 11480,
    "errorCount" : 0,
    "errorPct" : 0.0,
    "meanResTime" : 870.0245644599316,
    "medianResTime" : 232.0,
    "minResTime" : 0.0,
    "maxResTime" : 12008.0,
    "pct1ResTime" : 3321.0,
    "pct2ResTime" : 4217.849999999997,
    "pct3ResTime" : 8329.760000000002,
    "throughput" : 428.5500970583844,
    "receivedKBytesPerSec" : 426.31200158419813,
    "sentKBytesPerSec" : 53.98726808645662
  }
}