{
  "create character" : {
    "transaction" : "create character",
    "sampleCount" : 84660,
    "errorCount" : 43,
    "errorPct" : 0.0507914,
    "meanResTime" : 34.981620600047194,
    "medianResTime" : 2.0,
    "minResTime" : 0.0,
    "maxResTime" : 2425.0,
    "pct1ResTime" : 55.0,
    "pct2ResTime" : 73.0,
    "pct3ResTime" : 118.0,
    "throughput" : 444.55646749318674,
    "receivedKBytesPerSec" : 102.02223619228405,
    "sentKBytesPerSec" : 100.71982466642511
  },
  "delete character" : {
    "transaction" : "delete character",
    "sampleCount" : 84619,
    "errorCount" : 4,
    "errorPct" : 0.0047270707,
    "meanResTime" : 30.87960150793575,
    "medianResTime" : 2.0,
    "minResTime" : 0.0,
    "maxResTime" : 2197.0,
    "pct1ResTime" : 62.0,
    "pct2ResTime" : 81.0,
    "pct3ResTime" : 174.0,
    "throughput" : 452.52254083018704,
    "receivedKBytesPerSec" : 110.03721940109041,
    "sentKBytesPerSec" : 86.17372603699852
  },
  "Total" : {
    "transaction" : "Total",
    "sampleCount" : 425252,
    "errorCount" : 28131,
    "errorPct" : 6.6151366,
    "meanResTime" : 864.5477316979203,
    "medianResTime" : 8.0,
    "minResTime" : 0.0,
    "maxResTime" : 173398.0,
    "pct1ResTime" : 1945.0,
    "pct2ResTime" : 7012.850000000002,
    "pct3ResTime" : 124013.99,
    "throughput" : 1604.10104751738,
    "receivedKBytesPerSec" : 6362.660287051165,
    "sentKBytesPerSec" : 286.88117286606524
  },
  "character by id" : {
    "transaction" : "character by id",
    "sampleCount" : 84714,
    "errorCount" : 1029,
    "errorPct" : 1.2146753,
    "meanResTime" : 96.28161815048317,
    "medianResTime" : 4.0,
    "minResTime" : 0.0,
    "maxResTime" : 64222.0,
    "pct1ResTime" : 62.0,
    "pct2ResTime" : 94.0,
    "pct3ResTime" : 3889.9900000000016,
    "throughput" : 432.7707051923902,
    "receivedKBytesPerSec" : 112.41895271599199,
    "sentKBytesPerSec" : 54.94159343262767
  },
  "change character" : {
    "transaction" : "change character",
    "sampleCount" : 84644,
    "errorCount" : 3,
    "errorPct" : 0.0035442559,
    "meanResTime" : 34.04260195642992,
    "medianResTime" : 2.0,
    "minResTime" : 0.0,
    "maxResTime" : 2441.0,
    "pct1ResTime" : 63.0,
    "pct2ResTime" : 75.0,
    "pct3ResTime" : 147.0,
    "throughput" : 450.40174533070825,
    "receivedKBytesPerSec" : 103.36368178976214,
    "sentKBytesPerSec" : 102.4839908809131
  },
  "get characters" : {
    "transaction" : "get characters",
    "sampleCount" : 86615,
    "errorCount" : 27052,
    "errorPct" : 31.232466,
    "meanResTime" : 4052.8569416382848,
    "medianResTime" : 1177.0,
    "minResTime" : 3.0,
    "maxResTime" : 173398.0,
    "pct1ResTime" : 8169.0,
    "pct2ResTime" : 31058.0,
    "pct3ResTime" : 127024.0,
    "throughput" : 326.72206651754226,
    "receivedKBytesPerSec" : 6055.473909403845,
    "sentKBytesPerSec" : 40.52683355620268
  }
}