{
  "create character" : {
    "transaction" : "create character",
    "sampleCount" : 29293,
    "errorCount" : 216,
    "errorPct" : 0.7373775,
    "meanResTime" : 66.61949953913835,
    "medianResTime" : 2.0,
    "minResTime" : 0.0,
    "maxResTime" : 3493.0,
    "pct1ResTime" : 36.0,
    "pct2ResTime" : 48.0,
    "pct3ResTime" : 88.0,
    "throughput" : 390.2767230238352,
    "receivedKBytesPerSec" : 89.56545889707155,
    "sentKBytesPerSec" : 88.42207006008766
  },
  "delete character" : {
    "transaction" : "delete character",
    "sampleCount" : 29288,
    "errorCount" : 0,
    "errorPct" : 0.0,
    "meanResTime" : 38.801625239005695,
    "medianResTime" : 2.0,
    "minResTime" : 0.0,
    "maxResTime" : 1527.0,
    "pct1ResTime" : 37.0,
    "pct2ResTime" : 51.0,
    "pct3ResTime" : 101.0,
    "throughput" : 426.8019002652211,
    "receivedKBytesPerSec" : 103.78288395121098,
    "sentKBytesPerSec" : 81.27575249191221
  },
  "Total" : {
    "transaction" : "Total",
    "sampleCount" : 148453,
    "errorCount" : 8557,
    "errorPct" : 5.764114,
    "meanResTime" : 857.8010009902199,
    "medianResTime" : 3.0,
    "minResTime" : 0.0,
    "maxResTime" : 114167.0,
    "pct1ResTime" : 1068.0,
    "pct2ResTime" : 1926.0,
    "pct3ResTime" : 63065.0,
    "throughput" : 961.8569392250874,
    "receivedKBytesPerSec" : 3960.502387433993,
    "sentKBytesPerSec" : 171.71673410773292
  },
  "character by id" : {
    "transaction" : "character by id",
    "sampleCount" : 29300,
    "errorCount" : 488,
    "errorPct" : 1.665529,
    "meanResTime" : 87.2043344709904,
    "medianResTime" : 3.0,
    "minResTime" : 0.0,
    "maxResTime" : 31285.0,
    "pct1ResTime" : 33.0,
    "pct2ResTime" : 51.0,
    "pct3ResTime" : 113.0,
    "throughput" : 388.21315949863526,
    "receivedKBytesPerSec" : 100.86760786413201,
    "sentKBytesPerSec" : 49.2831916868723
  },
  "change character" : {
    "transaction" : "change character",
    "sampleCount" : 29289,
    "errorCount" : 13,
    "errorPct" : 0.044385266,
    "meanResTime" : 49.13520434292743,
    "medianResTime" : 2.0,
    "minResTime" : 0.0,
    "maxResTime" : 2350.0,
    "pct1ResTime" : 40.0,
    "pct2ResTime" : 53.0,
    "pct3ResTime" : 106.0,
    "throughput" : 399.8771247184108,
    "receivedKBytesPerSec" : 91.76867608283841,
    "sentKBytesPerSec" : 90.98766607362276
  },
  "get characters" : {
    "transaction" : "get characters",
    "sampleCount" : 31283,
    "errorCount" : 7840,
    "errorPct" : 25.061535,
    "meanResTime" : 3844.2929706230398,
    "medianResTime" : 1152.0,
    "minResTime" : 3.0,
    "maxResTime" : 114167.0,
    "pct1ResTime" : 8256.900000000001,
    "pct2ResTime" : 31903.950000000015,
    "pct3ResTime" : 63065.0,
    "throughput" : 202.68886873137228,
    "receivedKBytesPerSec" : 3777.926371970973,
    "sentKBytesPerSec" : 25.299789628417777
  }
}